Symbol,Name,Sector,Industry,Headquarters,CIK
MMM,3M Company,Industrials,Industrial Conglomerates,"St. Paul, Minnesota",0000066740
AOS,A.O. Smith,Industrials,Building Products,"Milwaukee, Wisconsin",0000091142
ABT,Abbott Laboratories,Health Care,Health Care Equipment,"North Chicago, Illinois",0000001800
ABBV,AbbVie Inc.,Health Care,Pharmaceuticals,"North Chicago, Illinois",0001551152
ACN,Accenture plc,Information Technology,IT Consulting & Other Services,"Dublin, Ireland",0001467373
ATVI,Activision Blizzard,Information Technology,Home Entertainment Software,"Santa Monica, California",0000718877
AYI,Acuity Brands Inc,Industrials,Electrical Components & Equipment,"Atlanta, Georgia",0001144215
ADBE,Adobe Systems Inc,Information Technology,Application Software,"San Jose, California",0000796343
AAP,Advance Auto Parts,Consumer Discretionary,Automotive Retail,"Roanoke, Virginia",0001158449
AMD,Advanced Micro Devices Inc,Information Technology,Semiconductors,"Sunnyvale, California",0000002488
AES,AES Corp,Utilities,Independent Power Producers & Energy Traders,"Arlington, Virginia",0000874761
AET,Aetna Inc,Health Care,Managed Health Care,"Hartford, Connecticut",0001122304
AMG,Affiliated Managers Group Inc,Financials,Asset Management & Custody Banks,"Beverly, Massachusetts",0001004434
AFL,AFLAC Inc,Financials,Life & Health Insurance,"Columbus, Georgia",0000004977
A,Agilent Technologies Inc,Health Care,Health Care Equipment,"Santa Clara, California",0001090872
APD,Air Products & Chemicals Inc,Materials,Industrial Gases,"Allentown, Pennsylvania",0000002969
AKAM,Akamai Technologies Inc,Information Technology,Internet Software & Services,"Cambridge, Massachusetts",0001086222
ALK,Alaska Air Group Inc,Industrials,Airlines,"Seattle, Washington",0000766421
ALB,Albemarle Corp,Materials,Specialty Chemicals,"Baton Rouge, Louisiana",0000915913
ARE,Alexandria Real Estate Equities,Real Estate,Office REITs,"Pasadena, California",0001035443
ALXN,Alexion Pharmaceuticals,Health Care,Biotechnology,"Cheshire, Connecticut",0000899866
ALGN,Align Technology,Health Care,Health Care Supplies,"San Jose, California",0001097149
ALLE,Allegion,Industrials,Building Products,"Dublin, Ireland",0001579241
AGN,"Allergan, Plc",Health Care,Pharmaceuticals,"Dublin, Ireland",0000884629
ADS,Alliance Data Systems,Information Technology,Data Processing & Outsourced Services,"Plano, Texas",0001101215
LNT,Alliant Energy Corp,Utilities,Electric Utilities,"Madison, Wisconsin",0000352541
ALL,Allstate Corp,Financials,Property & Casualty Insurance,"Northfield Township, Illinois",0000899051
GOOGL,Alphabet Inc Class A,Information Technology,Internet Software & Services,"Mountain View, California",0001652044
GOOG,Alphabet Inc Class C,Information Technology,Internet Software & Services,"Mountain View, California",0001652044
MO,Altria Group Inc,Consumer Staples,Tobacco,"Richmond, Virginia",0000764180
AMZN,Amazon.com Inc,Consumer Discretionary,Internet & Direct Marketing Retail,"Seattle, Washington",0001018724
AEE,Ameren Corp,Utilities,Multi-Utilities,"St. Louis, Missouri",0001002910
AAL,American Airlines Group,Industrials,Airlines,"Fort Worth, Texas",0000006201
AEP,American Electric Power,Utilities,Electric Utilities,"Columbus, Ohio",0000004904
AXP,American Express Co,Financials,Consumer Finance,"New York, New York",0000004962
AIG,"American International Group, Inc.",Financials,Property & Casualty Insurance,"New York, New York",0000005272
AMT,American Tower Corp A,Real Estate,Specialized REITs,"Boston, Massachusetts",0001053507
AWK,American Water Works Company Inc,Utilities,Water Utilities,"Voorhees, New Jersey",0001410636
AMP,Ameriprise Financial,Financials,Asset Management & Custody Banks,"Minneapolis, Minnesota",0000820027
ABC,AmerisourceBergen Corp,Health Care,Health Care Distributors,"Chesterbrook, Pennsylvania",0001140859
AME,AMETEK Inc,Industrials,Electrical Components & Equipment,"Berwyn, Pennsylvania",0001037868
AMGN,Amgen Inc,Health Care,Biotechnology,"Thousand Oaks, California",0000318154
APH,Amphenol Corp,Information Technology,Electronic Components,"Wallingford, Connecticut",0000820313
APC,Anadarko Petroleum Corp,Energy,Oil & Gas Exploration & Production,"The Woodlands, Texas",0000773910
ADI,"Analog Devices, Inc.",Information Technology,Semiconductors,"Norwood, Massachusetts",0000006281
ANDV,Andeavor,Energy,Oil & Gas Refining & Marketing,"San Antonio, Texas",0000050104
ANSS,ANSYS,Information Technology,Application Software,"Canonsburg, Pennsylvania",0001013462
ANTM,Anthem Inc.,Health Care,Managed Health Care,"Indianapolis, Indiana",0001156039
AON,Aon plc,Financials,Insurance Brokers,London,0000315293
APA,Apache Corporation,Energy,Oil & Gas Exploration & Production,"Houston, Texas",0000006769
AIV,Apartment Investment & Management,Real Estate,Residential REITs,"Denver, Colorado",0000922864
AAPL,Apple Inc.,Information Technology,"Technology Hardware, Storage & Peripherals","Cupertino, California",0000320193
AMAT,Applied Materials Inc,Information Technology,Semiconductor Equipment,"Santa Clara, California",0000006951
APTV,Aptiv Plc,Consumer Discretionary,Auto Parts & Equipment,"Gillingham, Kent",0001521332
ADM,Archer-Daniels-Midland Co,Consumer Staples,Agricultural Products,"Decatur, Illinois",0000007084
ARNC,Arconic Inc,Industrials,Aerospace & Defense,"New York, New York",0000004281
AJG,Arthur J. Gallagher & Co.,Financials,Insurance Brokers,"Itasca, Illinois",0000354190
AIZ,Assurant Inc,Financials,Multi-line Insurance,"New York, New York",0001267238
T,AT&T Inc,Telecommunication Services,Integrated Telecommunication Services,"Dallas, Texas",0000732717
ADSK,Autodesk Inc,Information Technology,Application Software,"San Rafael, California",0000769397
ADP,Automatic Data Processing,Information Technology,Internet Software & Services,"Roseland, New Jersey",0000008670
AZO,AutoZone Inc,Consumer Discretionary,Specialty Stores,"Memphis, Tennessee",0000866787
AVB,"AvalonBay Communities, Inc.",Real Estate,Residential REITs,"Arlington, Virginia",0000915912
AVY,Avery Dennison Corp,Materials,Paper Packaging,"Glendale, California",0000008818
BHGE,"Baker Hughes, a GE Company",Energy,Oil & Gas Equipment & Services,"Houston, Texas",0001701605
BLL,Ball Corp,Materials,Metal & Glass Containers,"Broomfield, Colorado",0000009389
BAC,Bank of America Corp,Financials,Diversified Banks,"Charlotte, North Carolina",0000070858
BAX,Baxter International Inc.,Health Care,Health Care Equipment,"Deerfield, Illinois",0000010456
BBT,BB&T Corporation,Financials,Regional Banks,"Winston-Salem, North Carolina",0000092230
BDX,Becton Dickinson,Health Care,Health Care Equipment,"Franklin Lakes, New Jersey",0000010795
BRK.B,Berkshire Hathaway,Financials,Multi-Sector Holdings,"Omaha, Nebraska",0001067983
BBY,Best Buy Co. Inc.,Consumer Discretionary,Computer & Electronics Retail,"Richfield, Minnesota",0000764478
BIIB,Biogen Inc.,Health Care,Biotechnology,"Weston, Massachusetts",0000875045
BLK,BlackRock,Financials,Asset Management & Custody Banks,"New York, New York",0001364742
HRB,Block H&R,Financials,Consumer Finance,"Kansas City, Missouri",0000012659
BA,Boeing Company,Industrials,Aerospace & Defense,"Chicago, Illinois",0000012927
BWA,BorgWarner,Consumer Discretionary,Auto Parts & Equipment,"Auburn Hills, Michigan",0000908255
BXP,Boston Properties,Real Estate,Office REITs,"Boston, Massachusetts",0001037540
BSX,Boston Scientific,Health Care,Health Care Equipment,"Marlborough, Massachusetts",0000885725
BHF,Brighthouse Financial Inc,Financials,Life & Health Insurance,"Charlotte, North Carolina",0001685040
BMY,Bristol-Myers Squibb,Health Care,Health Care Distributors,"New York, New York",0000014272
AVGO,Broadcom,Information Technology,Semiconductors,"San Jose, California",0001441634
BF.B,Brown-Forman Corp.,Consumer Staples,Distillers & Vintners,"Louisville, Kentucky",0000014693
CHRW,C. H. Robinson Worldwide,Industrials,Air Freight & Logistics,"Eden Prairie, Minnesota",0001043277
CA,"CA, Inc.",Information Technology,Systems Software,"Islandia, New York",0000356028
COG,Cabot Oil & Gas,Energy,Oil & Gas Exploration & Production,"Houston, Texas",0000858470
CDNS,Cadence Design Systems,Information Technology,Application Software,"San Jose, California",0000813672
CPB,Campbell Soup,Consumer Staples,Packaged Foods & Meats,"Camden, New Jersey",0000016732
COF,Capital One Financial,Financials,Consumer Finance,"Tysons Corner, Virginia",0000927628
CAH,Cardinal Health,Health Care,Health Care Distributors,"Dublin, Ohio",0000721371
KMX,Carmax Inc,Consumer Discretionary,Specialty Stores,"Richmond, Virginia",0001170010
CCL,Carnival Corp.,Consumer Discretionary,"Hotels, Resorts & Cruise Lines","Miami, Florida",0000815097
CAT,Caterpillar Inc.,Industrials,Construction Machinery & Heavy Trucks,"Peoria, Illinois",0000018230
CBOE,CBOE Holdings,Financials,Financial Exchanges & Data,"Chicago, Illinois",0001374310
CBG,CBRE Group,Real Estate,Real Estate Services,"Los Angeles, California",0001138118
CBS,CBS Corp.,Consumer Discretionary,Broadcasting,"New York, New York",0000813828
CELG,Celgene Corp.,Health Care,Biotechnology,"Summit, New Jersey",0000816284
CNC,Centene Corporation,Health Care,Managed Health Care,"St Louis, Missouri",0001071739
CNP,CenterPoint Energy,Utilities,Multi-Utilities,"Houston, Texas",0001130310
CTL,CenturyLink Inc,Telecommunication Services,Integrated Telecommunication Services,"Monroe, Louisiana",0000018926
CERN,Cerner,Health Care,Health Care Technology,"North Kansas City, Missouri",0000804753
CF,CF Industries Holdings Inc,Materials,Fertilizers & Agricultural Chemicals,"Deerfield, Illinois",0001324404
SCHW,Charles Schwab Corporation,Financials,Investment Banking & Brokerage,"San Francisco, California",0000316709
CHTR,Charter Communications,Consumer Discretionary,Cable & Satellite,"Stamford, Connecticut",0001091667
CHK,Chesapeake Energy,Energy,Oil & Gas Exploration & Production,"Oklahoma City, Oklahoma",0000895126
CVX,Chevron Corp.,Energy,Integrated Oil & Gas,"San Ramon, California",0000093410
CMG,Chipotle Mexican Grill,Consumer Discretionary,Restaurants,"Denver, Colorado",0001058090
CB,Chubb Limited,Financials,Property & Casualty Insurance,"Zurich, Switzerland",0000896159
CHD,Church & Dwight,Consumer Staples,Household Products,"Ewing, New Jersey",0000313927
CI,CIGNA Corp.,Health Care,Managed Health Care,"Philadelphia, Pennsylvania",0000701221
XEC,Cimarex Energy,Energy,Oil & Gas Exploration & Production,"Denver, Colorado",0001168054
CINF,Cincinnati Financial,Financials,Property & Casualty Insurance,"Fairfield, Ohio",0000020286
CTAS,Cintas Corporation,Industrials,Diversified Support Services,"Mason, Ohio",0000723254
CSCO,Cisco Systems,Information Technology,Communications Equipment,"San Jose, California",0000858877
C,Citigroup Inc.,Financials,Diversified Banks,"New York, New York",0000831001
CFG,Citizens Financial Group,Financials,Regional Banks,"Providence, Rhode Island",0000759944
CTXS,Citrix Systems,Information Technology,Internet Software & Services,"Fort Lauderdale, Florida",0000877890
CME,CME Group Inc.,Financials,Financial Exchanges & Data,"Chicago, Illinois",0001156375
CMS,CMS Energy,Utilities,Multi-Utilities,"Jackson, Michigan",0000811156
KO,Coca-Cola Company,Consumer Staples,Soft Drinks,"Atlanta, Georgia",0000021344
CTSH,Cognizant Technology Solutions,Information Technology,IT Consulting & Other Services,"Teaneck, New Jersey",0001058290
CL,Colgate-Palmolive,Consumer Staples,Household Products,"New York, New York",0000021665
CMCSA,Comcast Corp.,Consumer Discretionary,Cable & Satellite,"Philadelphia, Pennsylvania",0001166691
CMA,Comerica Inc.,Financials,Diversified Banks,"Dallas, Texas",0000028412
CAG,Conagra Brands,Consumer Staples,Packaged Foods & Meats,"Chicago, Illinois",0000023217
CXO,Concho Resources,Energy,Oil & Gas Exploration & Production,"Midland, Texas",0001358071
COP,ConocoPhillips,Energy,Oil & Gas Exploration & Production,"Houston, Texas",0001163165
ED,Consolidated Edison,Utilities,Electric Utilities,"New York, New York",0001047862
STZ,Constellation Brands,Consumer Staples,Distillers & Vintners,"Victor, New York",0000016918
GLW,Corning Inc.,Information Technology,Electronic Components,"Corning, New York",0000024741
COST,Costco Wholesale Corp.,Consumer Staples,Hypermarkets & Super Centers,"Issaquah, Washington",0000909832
COTY,"Coty, Inc",Consumer Staples,Personal Products,"New York, New York",0001024305
CCI,Crown Castle International Corp.,Real Estate,Specialized REITs,"Houston, Texas",0001051470
CSRA,CSRA Inc.,Information Technology,IT Consulting & Other Services,"Falls Church, Virginia",0001646383
CSX,CSX Corp.,Industrials,Railroads,"Jacksonville, Florida",0000277948
CMI,Cummins Inc.,Industrials,Industrial Machinery,"Columbus, Indiana",0000026172
CVS,CVS Health,Consumer Staples,Drug Retail,"Woonsocket, Rhode Island",0000064803
DHI,D. R. Horton,Consumer Discretionary,Homebuilding,"Fort Worth, Texas",0000882184
DHR,Danaher Corp.,Health Care,Health Care Equipment,"Washington, D.C.",0000313616
DRI,Darden Restaurants,Consumer Discretionary,Restaurants,"Orlando, Florida",0000940944
DVA,DaVita,Health Care,Health Care Facilities,"Denver, Colorado",0000927066
DE,Deere & Co.,Industrials,Agricultural & Farm Machinery,"Moline, Illinois",0000315189
DAL,Delta Air Lines,Industrials,Airlines,"Atlanta, Georgia",0000027904
XRAY,Dentsply Sirona,Health Care,Health Care Supplies,"York, Pennsylvania",0000818479
DVN,Devon Energy,Energy,Oil & Gas Exploration & Production,"Oklahoma City, Oklahoma",0001090012
DLR,Digital Realty,Real Estate,Specialized REITs,"San Francisco, California",0001297996
DFS,Discover Financial Services,Financials,Consumer Finance,"Riverwoods, Illinois",0001393612
DISCA,Discovery Communications,Consumer Discretionary,Cable & Satellite,"Silver Spring, Maryland",0001437107
DISCK,Discovery Communications,Consumer Discretionary,Cable & Satellite,"Silver Spring, Maryland",0001437107
DISH,Dish Network,Consumer Discretionary,Cable & Satellite,"Meridian, Colorado",0001001082
DG,Dollar General,Consumer Discretionary,General Merchandise Stores,"Goodlettsville, Tennessee",0000029534
DLTR,Dollar Tree,Consumer Discretionary,General Merchandise Stores,"Chesapeake, Virginia",0000935703
D,Dominion Energy,Utilities,Electric Utilities,"Richmond, Virginia",0000715957
DOV,Dover Corp.,Industrials,Industrial Machinery,"Downers Grove, Illinois",0000029905
DWDP,DowDuPont,Materials,Diversified Chemicals,"Midland, Michigan",0001666700
DPS,Dr Pepper Snapple Group,Consumer Staples,Soft Drinks,"Plano, Texas",0001418135
DTE,DTE Energy,Utilities,Multi-Utilities,"Detroit, Michigan",0000936340
DUK,Duke Energy,Utilities,Electric Utilities,"Charlotte, North Carolina",0001326160
DRE,Duke Realty,Real Estate,Industrial REITs,"Indianapolis, Indiana",0000783280
DXC,DXC Technology,Information Technology,IT Consulting & Other Services,"Tysons Corner, Virginia",0001688568
ETFC,E*Trade,Financials,Investment Banking & Brokerage,"New York, New York",0001015780
EMN,Eastman Chemical,Materials,Diversified Chemicals,"Kingsport, Tennessee",0000915389
ETN,Eaton Corporation,Industrials,Electrical Components & Equipment,"Dublin, Ireland",0001551182
EBAY,eBay,Information Technology,Internet Software & Services,"San Jose, California",0001065088
ECL,Ecolab,Materials,Specialty Chemicals,"St. Paul, Minnesota",0000031462
EIX,Edison Int'l,Utilities,Electric Utilities,"Rosemead, California",0000827052
EW,Edwards Lifesciences,Health Care,Health Care Equipment,"Irvine, California",0001099800
EA,Electronic Arts,Information Technology,Home Entertainment Software,"Redwood City, California",0000712515
EMR,Emerson Electric Company,Industrials,Electrical Components & Equipment,"Ferguson, Missouri",0000032604
ETR,Entergy Corp.,Utilities,Electric Utilities,"New Orleans, Louisiana",0000065984
EVHC,Envision Healthcare,Health Care,Health Care Services,"Nashville, Tennessee",0000895930
EOG,EOG Resources,Energy,Oil & Gas Exploration & Production,"Houston, Texas",0000821189
EQT,EQT Corporation,Energy,Oil & Gas Exploration & Production,"Pittsburgh, Pennsylvania",0000033213
EFX,Equifax Inc.,Industrials,Research & Consulting Services,"Atlanta, Georgia",0000033185
EQIX,Equinix,Real Estate,Specialized REITs,"Redwood City, California",0001101239
EQR,Equity Residential,Real Estate,Residential REITs,"Chicago, Illinois",0000906107
ESS,"Essex Property Trust, Inc.",Real Estate,Residential REITs,"Palo Alto, California",0000920522
EL,Estee Lauder Cos.,Consumer Staples,Personal Products,"New York, New York",0001001250
RE,Everest Re,Financials,Reinsurance,"Hamilton, Bermuda",0001095073
ES,Eversource Energy,Utilities,Multi-Utilities,"Springfield, Massachusetts",0000072741
EXC,Exelon Corp.,Utilities,Multi-Utilities,"Chicago, Illinois",0001109357
EXPE,Expedia Inc.,Consumer Discretionary,Internet & Direct Marketing Retail,"Bellevue, Washington",0001324424
EXPD,Expeditors International,Industrials,Air Freight & Logistics,"Seattle, Washington",0000746515
ESRX,Express Scripts,Health Care,Health Care Distributors,"Cool Valley, Missouri",0001532063
EXR,Extra Space Storage,Real Estate,Specialized REITs,"Salt Lake City, Utah",0001289490
XOM,Exxon Mobil Corp.,Energy,Integrated Oil & Gas,"Irving, Texas",0000034088
FFIV,F5 Networks,Information Technology,Communications Equipment,"Seattle, Washington",0001048695
FB,"Facebook, Inc.",Information Technology,Internet Software & Services,"Menlo Park, California",0001326801
FAST,Fastenal Co,Industrials,Building Products,"Winona, Minnesota",0000815556
FRT,Federal Realty Investment Trust,Real Estate,Retail REITs,"Rockville, Maryland",0000034903
FDX,FedEx Corporation,Industrials,Air Freight & Logistics,"Memphis, Tennessee",0001048911
FIS,Fidelity National Information Services,Information Technology,Internet Software & Services,"Jacksonville, Florida",0001136893
FITB,Fifth Third Bancorp,Financials,Regional Banks,"Cincinnati, Ohio",0000035527
FE,FirstEnergy Corp,Utilities,Electric Utilities,"Akron, Ohio",0001031296
FISV,Fiserv Inc,Information Technology,Internet Software & Services,"Brookfield, Wisconsin",0000798354
FLIR,FLIR Systems,Information Technology,Electronic Equipment & Instruments,"Wilsonville, Oregon",0000354908
FLS,Flowserve Corporation,Industrials,Industrial Machinery,"Irving, Texas",0000030625
FLR,Fluor Corp.,Industrials,Construction & Engineering,"Irving, Texas",0001124198
FMC,FMC Corporation,Materials,Fertilizers & Agricultural Chemicals,"Philadelphia, Pennsylvania",0000037785
FL,Foot Locker Inc,Consumer Discretionary,Apparel Retail,"New York, New York",0000850209
F,Ford Motor,Consumer Discretionary,Automobile Manufacturers,"Dearborn, Michigan",0000037996
FTV,Fortive Corp,Industrials,Industrial Machinery,"Everett, Washington",0001659166
FBHS,Fortune Brands Home & Security,Industrials,Building Products,"Deerfield, Illinois",0001519751
BEN,Franklin Resources,Financials,Asset Management & Custody Banks,"San Mateo, California",0000038777
FCX,Freeport-McMoRan Inc.,Materials,Copper,"Phoenix, Arizona",0000831259
GPS,Gap Inc.,Consumer Discretionary,Apparel Retail,"San Francisco, California",0000039911
GRMN,Garmin Ltd.,Consumer Discretionary,Consumer Electronics,"Schaffhausen, Switzerland",0001121788
IT,Gartner Inc,Information Technology,IT Consulting & Other Services,"Stamford, Connecticut",0000749251
GD,General Dynamics,Industrials,Aerospace & Defense,"Falls Church, Virginia",0000040533
GE,General Electric,Industrials,Industrial Conglomerates,"Boston, Massachusetts",0000040545
GGP,General Growth Properties Inc.,Real Estate,Retail REITs,"Chicago, Illinois",0000895648
GIS,General Mills,Consumer Staples,Packaged Foods & Meats,"Golden Valley, Minnesota",0000040704
GM,General Motors,Consumer Discretionary,Automobile Manufacturers,"Detroit, Michigan",0001467858
GPC,Genuine Parts,Consumer Discretionary,Specialty Stores,"Atlanta, Georgia",0000040987
GILD,Gilead Sciences,Health Care,Biotechnology,"Foster City, California",0000882095
GPN,Global Payments Inc.,Information Technology,Data Processing & Outsourced Services,"Atlanta, Georgia",0001123360
GS,Goldman Sachs Group,Financials,Investment Banking & Brokerage,"New York, New York",0000886982
GT,Goodyear Tire & Rubber,Consumer Discretionary,Tires & Rubber,"Akron, Ohio",0000042582
GWW,Grainger (W.W.) Inc.,Industrials,Industrial Machinery,"Lake Forest, Illinois",0000277135
HAL,Halliburton Co.,Energy,Oil & Gas Equipment & Services,"Houston, Texas",0000045012
HBI,Hanesbrands Inc,Consumer Discretionary,"Apparel, Accessories & Luxury Goods","Winston-Salem, North Carolina",0001359841
HOG,Harley-Davidson,Consumer Discretionary,Motorcycle Manufacturers,"Milwaukee, Wisconsin",0000793952
HRS,Harris Corporation,Information Technology,Communications Equipment,"Melbourne, Florida",0000202058
HIG,Hartford Financial Svc.Gp.,Financials,Property & Casualty Insurance,"Hartford, Connecticut",0000874766
HAS,Hasbro Inc.,Consumer Discretionary,Leisure Products,"Pawtucket, Rhode Island",0000046080
HCA,HCA Holdings,Health Care,Health Care Facilities,"Nashville, Tennessee",0000860730
HCP,HCP Inc.,Real Estate,Health Care REITs,"Long Beach, California",0000765880
HP,Helmerich & Payne,Energy,Oil & Gas Drilling,"Tulsa, Oklahoma",0000046765
HSIC,Henry Schein,Health Care,Health Care Distributors,"Melville, New York",0001000228
HES,Hess Corporation,Energy,Integrated Oil & Gas,"New York, New York",0000004447
HPE,Hewlett Packard Enterprise,Information Technology,"Technology Hardware, Storage & Peripherals","Palo Alto, California",0001645590
HLT,Hilton Worldwide,Consumer Discretionary,"Hotels, Resorts & Cruise Lines","Tysons Corner, Virginia",0001585689
HOLX,Hologic,Health Care,Health Care Equipment,"Marlborough, Massachusetts",0000859737
HD,Home Depot,Consumer Discretionary,Home Improvement Retail,"Atlanta, Georgia",0000354950
HON,Honeywell Int'l Inc.,Industrials,Industrial Conglomerates,"Morristown, New Jersey",0000773840
HRL,Hormel Foods Corp.,Consumer Staples,Packaged Foods & Meats,"Austin, Minnesota",0000048465
HST,Host Hotels & Resorts,Real Estate,Hotel & Resort REITs,"Bethesda, Maryland",0001070750
HPQ,HP Inc.,Information Technology,"Technology Hardware, Storage & Peripherals","Palo Alto, California",0000047217
HUM,Humana Inc.,Health Care,Managed Health Care,"Louisville, Kentucky",0000049071
HBAN,Huntington Bancshares,Financials,Regional Banks,"Columbus, Ohio",0000049196
HII,Huntington Ingalls Industries,Industrials,Aerospace & Defense,"Newport News, Virginia",0001501585
IDXX,IDEXX Laboratories,Health Care,Health Care Equipment,"Westbrook, Maine",0000874716
INFO,IHS Markit Ltd.,Industrials,Research & Consulting Services,London,0001598014
ITW,Illinois Tool Works,Industrials,Industrial Machinery,"Glenview, Illinois",0000049826
ILMN,Illumina Inc,Health Care,Life Sciences Tools & Services,"San Diego, California",0001110803
INCY,Incyte,Health Care,Biotechnology,"Wilmington, Delaware",0000879169
IR,Ingersoll-Rand PLC,Industrials,Industrial Machinery,"Dublin, Ireland",0001466258
INTC,Intel Corp.,Information Technology,Semiconductors,"Santa Clara, California",0000050863
ICE,Intercontinental Exchange,Financials,Financial Exchanges & Data,"Atlanta, Georgia",0001571949
IBM,International Business Machines,Information Technology,IT Consulting & Other Services,"Armonk, New York",0000051143
IP,International Paper,Materials,Paper Packaging,"Memphis, Tennessee",0000051434
IPG,Interpublic Group,Consumer Discretionary,Advertising,"New York, New York",0000051644
IFF,Intl Flavors & Fragrances,Materials,Specialty Chemicals,"New York, New York",0000051253
INTU,Intuit,Information Technology,Internet Software & Services,"Mountain View, California",0000896878
ISRG,Intuitive Surgical Inc.,Health Care,Health Care Equipment,"Sunnyvale, California",0001035267
IVZ,Invesco Ltd.,Financials,Asset Management & Custody Banks,"Atlanta, Georgia",0000914208
IQV,IQVIA,Health Care,Life Sciences Tools & Service,"Durham, North Carolina",0001478242
IRM,Iron Mountain Incorporated,Real Estate,Specialized REITs,"Boston, Massachusetts",0001020569
JBHT,J. B. Hunt Transport Services,Industrials,Trucking,"Lowell, Arkansas",0000728535
JEC,Jacobs Engineering Group,Industrials,Construction & Engineering,"Pasadena, California",0000052988
SJM,JM Smucker,Consumer Staples,Packaged Foods & Meats,"Orrville, Ohio",0000091419
JNJ,Johnson & Johnson,Health Care,Health Care Equipment,"New Brunswick, New Jersey",0000200406
JCI,Johnson Controls International,Industrials,Building Products,"Cork, Ireland",0000833444
JPM,JPMorgan Chase & Co.,Financials,Diversified Banks,"New York, New York",0000019617
JNPR,Juniper Networks,Information Technology,Communications Equipment,"Sunnyvale, California",0001043604
KSU,Kansas City Southern,Industrials,Railroads,"Kansas City, Missouri",0000054480
K,Kellogg Co.,Consumer Staples,Packaged Foods & Meats,"Battle Creek, Michigan",0000055067
KEY,KeyCorp,Financials,Regional Banks,"Cleveland, Ohio",0000091576
KMB,Kimberly-Clark,Consumer Staples,Household Products,"Irving, Texas",0000055785
KIM,Kimco Realty,Real Estate,Retail REITs,"New Hyde Park, New York",0000879101
KMI,Kinder Morgan,Energy,Oil & Gas Storage & Transportation,"Houston, Texas",0001506307
KLAC,KLA-Tencor Corp.,Information Technology,Semiconductor Equipment,"Milpitas, California",0000319201
KSS,Kohl's,Consumer Discretionary,General Merchandise Stores,"Menomonee Falls, Wisconsin",0000885639
KHC,Kraft Heinz,Consumer Staples,Packaged Foods & Meats,"Pittsburgh, Pennsylvania",0001637459
KR,Kroger Co.,Consumer Staples,Food Retail,"Cincinnati, Ohio",0000056873
LB,L Brands Inc.,Consumer Discretionary,Apparel Retail,"Columbus, Ohio",0000701985
LLL,L-3 Communications Holdings,Industrials,Aerospace & Defense,"New York, New York",0001056239
LH,Laboratory Corp. of America Holding,Health Care,Health Care Services,"Burlington, North Carolina",0000920148
LRCX,Lam Research,Information Technology,Semiconductor Equipment,"Fremont, California",0000707549
LEG,Leggett & Platt,Consumer Discretionary,Home Furnishings,"Carthage, Missouri",0000058492
LEN,Lennar Corp.,Consumer Discretionary,Homebuilding,"Miami, Florida",0000920760
LUK,Leucadia National Corp.,Financials,Multi-Sector Holdings,"New York, New York",0000096223
LLY,Lilly (Eli) & Co.,Health Care,Pharmaceuticals,"Indianapolis, Indiana",0000059478
LNC,Lincoln National,Financials,Multi-line Insurance,"Radnor, Pennsylvania",0000059558
LKQ,LKQ Corporation,Consumer Discretionary,Distributors,"Chicago, Illinois",0001065696
LMT,Lockheed Martin Corp.,Industrials,Aerospace & Defense,"Bethesda, Maryland",0000936468
L,Loews Corp.,Financials,Multi-line Insurance,"New York, New York",0000060086
LOW,Lowe's Cos.,Consumer Discretionary,Home Improvement Retail,"Mooresville, North Carolina",0000060667
LYB,LyondellBasell,Materials,Specialty Chemicals,"Rotterdam, Netherlands",0001489393
MTB,M&T Bank Corp.,Financials,Regional Banks,"Buffalo, New York",0000036270
MAC,Macerich,Real Estate,Retail REITs,"Santa Monica, California",0000912242
M,Macy's Inc.,Consumer Discretionary,Department Stores,"Cincinnati, Ohio",0000794367
MRO,Marathon Oil Corp.,Energy,Oil & Gas Exploration & Production,"Houston, Texas",0000101778
MPC,Marathon Petroleum,Energy,Oil & Gas Refining & Marketing,"Findlay, Ohio",0001510295
MAR,Marriott Int'l.,Consumer Discretionary,"Hotels, Resorts & Cruise Lines","Bethesda, Maryland",0001048286
MMC,Marsh & McLennan,Financials,Insurance Brokers,"New York, New York",0000062709
MLM,Martin Marietta Materials,Materials,Construction Materials,"Raleigh, North Carolina",0000916076
MAS,Masco Corp.,Industrials,Building Products,"Taylor, Michigan",0000062996
MA,Mastercard Inc.,Information Technology,Internet Software & Services,"Harrison, New York",0001141391
MAT,Mattel Inc.,Consumer Discretionary,Leisure Products,"El Segundo, California",0000063276
MKC,McCormick & Co.,Consumer Staples,Packaged Foods & Meats,"Sparks, Maryland",0000063754
MCD,McDonald's Corp.,Consumer Discretionary,Restaurants,"Oak Brook, Illinois",0000063908
MCK,McKesson Corp.,Health Care,Health Care Distributors,"San Francisco, California",0000927653
MDT,Medtronic plc,Health Care,Health Care Equipment,Dublin,0000064670
MRK,Merck & Co.,Health Care,Pharmaceuticals,"Whitehouse Station, New Jersey",0000310158
MET,MetLife Inc.,Financials,Life & Health Insurance,"New York, New York",0001099219
MTD,Mettler Toledo,Health Care,Life Sciences Tools & Services,"Columbus, Ohio",0001037646
MGM,MGM Resorts International,Consumer Discretionary,Casinos & Gaming,"Paradise, Nevada",0000789570
KORS,Michael Kors Holdings,Consumer Discretionary,"Apparel, Accessories & Luxury Goods","New York, New York",0001530721
MCHP,Microchip Technology,Information Technology,Semiconductors,"Chandler, Arizona",0000827054
MU,Micron Technology,Information Technology,Semiconductors,"Boise, Idaho",0000723125
MSFT,Microsoft Corp.,Information Technology,Systems Software,"Redmond, Washington",0000789019
MAA,Mid-America Apartments,Real Estate,Residential REITs,"Memphis, Tennessee",0000912595
MHK,Mohawk Industries,Consumer Discretionary,Home Furnishings,"Amsterdam, New York",0000851968
TAP,Molson Coors Brewing Company,Consumer Staples,Brewers,"Denver, Colorado",0000024545
MDLZ,Mondelez International,Consumer Staples,Packaged Foods & Meats,"Northfield, Illinois",0001103982
MON,Monsanto Co.,Materials,Fertilizers & Agricultural Chemicals,"Creve Coeur, Missouri",0001110783
MNST,Monster Beverage,Consumer Staples,Soft Drinks,"Corona, California",0000865752
MCO,Moody's Corp,Financials,Financial Exchanges & Data,"New York, New York",0001059556
MS,Morgan Stanley,Financials,Investment Banking & Brokerage,"New York, New York",0000895421
MSI,Motorola Solutions Inc.,Information Technology,Communications Equipment,"Schaumburg, Illinois",0000068505
MYL,Mylan N.V.,Health Care,Pharmaceuticals,Amsterdam,0000069499
NDAQ,"Nasdaq, Inc.",Financials,Financial Exchanges & Data,"New York, New York",0001120193
NOV,National Oilwell Varco Inc.,Energy,Oil & Gas Equipment & Services,"Houston, Texas",0001021860
NAVI,Navient,Financials,Consumer Finance,"Wilmington, Delaware",0001593538
NTAP,NetApp,Information Technology,Internet Software & Services,"Sunnyvale, California",0001002047
NFLX,Netflix Inc.,Information Technology,Internet Software & Services,"Los Gatos, California",0001065280
NWL,Newell Brands,Consumer Discretionary,Housewares & Specialties,"Sandy Springs, Georgia",0000814453
NFX,Newfield Exploration Co,Energy,Oil & Gas Exploration & Production,"Houston, Texas",0000912750
NEM,Newmont Mining Corporation,Materials,Gold,"Denver, Colorado",0001164727
NWSA,News Corp. Class A,Consumer Discretionary,Publishing,"New York, New York",0001564708
NWS,News Corp. Class B,Consumer Discretionary,Publishing,"New York, New York",0001564708
NEE,NextEra Energy,Utilities,Multi-Utilities,"Juno Beach, Florida",0000753308
NLSN,Nielsen Holdings,Industrials,Research & Consulting Services,"New York, New York",0001492633
NKE,Nike,Consumer Discretionary,"Apparel, Accessories & Luxury Goods","Washington County, Oregon",0000320187
NI,NiSource Inc.,Utilities,Multi-Utilities,"Merrillville, Indiana",0001111711
NBL,Noble Energy Inc,Energy,Oil & Gas Exploration & Production,"Houston, Texas",0000072207
JWN,Nordstrom,Consumer Discretionary,Department Stores,"Seattle, Washington",0000072333
NSC,Norfolk Southern Corp.,Industrials,Railroads,"Norfolk, Virginia",0000702165
NTRS,Northern Trust Corp.,Financials,Asset Management & Custody Banks,"Chicago, Illinois",0000073124
NOC,Northrop Grumman Corp.,Industrials,Aerospace & Defense,"West Falls Church, Virginia",0001133421
NCLH,Norwegian Cruise Line,Consumer Discretionary,"Hotels, Resorts & Cruise Lines","Miami, Florida",0001513761
NRG,NRG Energy,Utilities,Independent Power Producers & Energy Traders,"Princeton, New Jersey",0001013871
NUE,Nucor Corp.,Materials,Steel,"Charlotte, North Carolina",0000073309
NVDA,Nvidia Corporation,Information Technology,Semiconductors,"Santa Clara, California",0001045810
ORLY,O'Reilly Automotive,Consumer Discretionary,Specialty Stores,"Springfield, Missouri",0000898173
OXY,Occidental Petroleum,Energy,Oil & Gas Exploration & Production,"Los Angeles, California",0000797468
OMC,Omnicom Group,Consumer Discretionary,Advertising,"New York, New York",0000029989
OKE,ONEOK,Energy,Oil & Gas Storage & Transportation,"Tulsa, Oklahoma",0001039684
ORCL,Oracle Corp.,Information Technology,Application Software,"Redwood Shores, California",0001341439
PCAR,PACCAR Inc.,Industrials,Construction Machinery & Heavy Trucks,"Bellevue, Washington",0000075362
PKG,Packaging Corporation of America,Materials,Paper Packaging,"Lake Forest, Illinois",0000075677
PH,Parker-Hannifin,Industrials,Industrial Machinery,"Cleveland, Ohio",0000076334
PDCO,Patterson Companies,Health Care,Health Care Supplies,"St. Paul, Minnesota",0000891024
PAYX,Paychex Inc.,Information Technology,Internet Software & Services,"Penfield, New York",0000723531
PYPL,PayPal,Information Technology,Data Processing & Outsourced Services,"San Jose, California",0001633917
PNR,Pentair Ltd.,Industrials,Industrial Machinery,"Worsley, UK",0000077360
PBCT,People's United Financial,Financials,Thrifts & Mortgage Finance,"Bridgeport, Connecticut",0001378946
PEP,PepsiCo Inc.,Consumer Staples,Soft Drinks,"Purchase, New York",0000077476
PKI,PerkinElmer,Health Care,Health Care Equipment,"Waltham, Massachusetts",0000031791
PRGO,Perrigo,Health Care,Pharmaceuticals,"Dublin, Ireland",0001585364
PFE,Pfizer Inc.,Health Care,Pharmaceuticals,"New York, New York",0000078003
PCG,PG&E Corp.,Utilities,Multi-Utilities,"San Francisco, California",0001004980
PM,Philip Morris International,Consumer Staples,Tobacco,"New York, New York",0001413329
PSX,Phillips 66,Energy,Oil & Gas Refining & Marketing,"Houston, Texas",0001534701
PNW,Pinnacle West Capital,Utilities,Multi-Utilities,"Phoenix, Arizona",0000764622
PXD,Pioneer Natural Resources,Energy,Oil & Gas Exploration & Production,"Irving, Texas",0001038357
PNC,PNC Financial Services,Financials,Regional Banks,"Pittsburgh, Pennsylvania",0000713676
RL,Polo Ralph Lauren Corp.,Consumer Discretionary,"Apparel, Accessories & Luxury Goods","New York, New York",0001037038
PPG,PPG Industries,Materials,Specialty Chemicals,"Pittsburgh, Pennsylvania",0000079879
PPL,PPL Corp.,Utilities,Electric Utilities,"Allentown, Pennsylvania",0000922224
PX,Praxair Inc.,Materials,Industrial Gases,"Danbury, Connecticut",0000884905
PCLN,Priceline.com Inc,Consumer Discretionary,Internet & Direct Marketing Retail,"Norwalk, Connecticut",0001075531
PFG,Principal Financial Group,Financials,Life & Health Insurance,"Des Moines, Iowa",0001126328
PG,Procter & Gamble,Consumer Staples,Personal Products,"Cincinnati, Ohio",0000080424
PGR,Progressive Corp.,Financials,Property & Casualty Insurance,"Mayfield Village, Ohio",0000080661
PLD,Prologis,Real Estate,Industrial REITs,"San Francisco, California",0001045609
PRU,Prudential Financial,Financials,Life & Health Insurance,"Newark, New Jersey",0001137774
PEG,Public Serv. Enterprise Inc.,Utilities,Electric Utilities,"Newark, New Jersey",0000788784
PSA,Public Storage,Real Estate,Specialized REITs,"Glendale, California",0001393311
PHM,Pulte Homes Inc.,Consumer Discretionary,Homebuilding,"Atlanta, Georgia",0000822416
PVH,PVH Corp.,Consumer Discretionary,"Apparel, Accessories & Luxury Goods","New York, New York",0000078239
QRVO,Qorvo,Information Technology,Semiconductors,"Greensboro, North Carolina",0001604778
QCOM,QUALCOMM Inc.,Information Technology,Semiconductors,"San Diego, California",0000804328
PWR,Quanta Services Inc.,Industrials,Construction & Engineering,"Houston, Texas",0001050915
DGX,Quest Diagnostics,Health Care,Health Care Services,"Madison, New Jersey",0001022079
RRC,Range Resources Corp.,Energy,Oil & Gas Exploration & Production,"Fort Worth, Texas",0000315852
RJF,Raymond James Financial Inc.,Financials,Investment Banking & Brokerage,"St. Petersburg, Florida",0000720005
RTN,Raytheon Co.,Industrials,Aerospace & Defense,"Waltham, Massachusetts",0001047122
O,Realty Income Corporation,Real Estate,Retail REITs,"San Diego, California",0000726728
RHT,Red Hat Inc.,Information Technology,Systems Software,"Raleigh, North Carolina",0001087423
REG,Regency Centers Corporation,Real Estate,Retail REITs,"Jacksonville, Florida",0000910606
REGN,Regeneron,Health Care,Biotechnology,"Tarrytown, New York",0000872589
RF,Regions Financial Corp.,Financials,Regional Banks,"Birmingham, Alabama",0001281761
RSG,Republic Services Inc,Industrials,Environmental & Facilities Services,"Phoenix, Arizona",0001060391
RMD,ResMed,Health Care,Health Care Equipment,"San Diego, California",0000943819
RHI,Robert Half International,Industrials,Human Resource & Employment Services,"Menlo Park, California",0000315213
ROK,Rockwell Automation Inc.,Industrials,Electrical Components & Equipment,"Milwaukee, Wisconsin",0001024478
COL,Rockwell Collins,Industrials,Aerospace & Defense,"Cedar Rapids, Iowa",0001137411
ROP,Roper Technologies,Industrials,Industrial Conglomerates,"Sarasota, Florida",0000882835
ROST,Ross Stores,Consumer Discretionary,Apparel Retail,"Pleasanton, California",0000745732
RCL,Royal Caribbean Cruises Ltd,Consumer Discretionary,"Hotels, Resorts & Cruise Lines","Miami, Florida",0000884887
SPGI,"S&P Global, Inc.",Financials,Financial Exchanges & Data,"New York, New York",0000064040
CRM,Salesforce.com,Information Technology,Internet Software & Services,"San Francisco, California",0001108524
SBAC,SBA Communications,Real Estate,Specialized REITs,"Boca Raton, Florida",0001034054
SCG,SCANA Corp,Utilities,Multi-Utilities,"Cayce, South Carolina",0000754737
SLB,Schlumberger Ltd.,Energy,Oil & Gas Equipment & Services,Curaçao,0000087347
SNI,Scripps Networks Interactive Inc.,Consumer Discretionary,Cable & Satellite,"Cincinnati, Ohio",0001430602
STX,Seagate Technology,Information Technology,"Technology Hardware, Storage & Peripherals","Dublin, Ireland",0001137789
SEE,Sealed Air,Materials,Paper Packaging,"Elmwood Park, New Jersey",0001012100
SRE,Sempra Energy,Utilities,Multi-Utilities,"San Diego, California",0001032208
SHW,Sherwin-Williams,Materials,Specialty Chemicals,"Cleveland, Ohio",0000089800
SIG,Signet Jewelers,Consumer Discretionary,Specialty Stores,"Hamilton, Bermuda",0000832988
SPG,Simon Property Group Inc,Real Estate,Retail REITs,"Indianapolis, Indiana",0001063761
SWKS,Skyworks Solutions,Information Technology,Semiconductors,"Woburn, Massachusetts",0000004127
SLG,SL Green Realty,Real Estate,Office REITs,"New York, New York",0001040971
SNA,Snap-On Inc.,Consumer Discretionary,Household Appliances,"Kenosha, Wisconsin",0000091440
SO,Southern Co.,Utilities,Electric Utilities,"Atlanta, Georgia",0000092122
LUV,Southwest Airlines,Industrials,Airlines,"Dallas, Texas",0000092380
SWK,Stanley Black & Decker,Consumer Discretionary,Household Appliances,"New Britain, Connecticut",0000093556
SBUX,Starbucks Corp.,Consumer Discretionary,Restaurants,"Seattle, Washington",0000829224
STT,State Street Corp.,Financials,Asset Management & Custody Banks,"Boston, Massachusetts",0000093751
SRCL,Stericycle Inc,Industrials,Environmental & Facilities Services,"Lake Forest, Illinois",0000861878
SYK,Stryker Corp.,Health Care,Health Care Equipment,"Kalamazoo, Michigan",0000310764
STI,SunTrust Banks,Financials,Regional Banks,"Atlanta, Georgia",0000750556
SYMC,Symantec Corp.,Information Technology,Application Software,"Mountain View, California",0000849399
SYF,Synchrony Financial,Financials,Consumer Finance,"Stamford, Connecticut",0001601712
SNPS,Synopsys Inc.,Information Technology,Application Software,"Mountain View, California",0000883241
SYY,Sysco Corp.,Consumer Staples,Food Distributors,"Houston, Texas",0000096021
TROW,T. Rowe Price Group,Financials,Asset Management & Custody Banks,"Baltimore, Maryland",0001113169
TPR,"Tapestry, Inc.",Consumer Discretionary,"Apparel, Accessories & Luxury Goods","New York, New York",0001116132
TGT,Target Corp.,Consumer Discretionary,General Merchandise Stores,"Minneapolis, Minnesota",0000027419
TEL,TE Connectivity Ltd.,Information Technology,Electronic Manufacturing Services,"Schaffhausen, Switzerland",0001385157
FTI,TechnipFMC,Energy,Oil & Gas Equipment & Services,London,0001681459
TXN,Texas Instruments,Information Technology,Semiconductors,"Dallas, Texas",0000097476
TXT,Textron Inc.,Industrials,Aerospace & Defense,"Providence, Rhode Island",0000217346
BK,The Bank of New York Mellon Corp.,Financials,Asset Management & Custody Banks,"New York, New York",0001390777
CLX,The Clorox Company,Consumer Staples,Household Products,"Oakland, California",0000021076
COO,The Cooper Companies,Health Care,Health Care Supplies,"Pleasanton, California",0000711404
HSY,The Hershey Company,Consumer Staples,Packaged Foods & Meats,"Hershey, Pennsylvania",0000047111
MOS,The Mosaic Company,Materials,Fertilizers & Agricultural Chemicals,"Plymouth, Minnesota",0001285785
TRV,The Travelers Companies Inc.,Financials,Property & Casualty Insurance,"New York, New York",0000086312
DIS,The Walt Disney Company,Consumer Discretionary,Cable & Satellite,"Burbank, California",0001001039
TMO,Thermo Fisher Scientific,Health Care,Health Care Equipment,"Waltham, Massachusetts",0000097745
TIF,Tiffany & Co.,Consumer Discretionary,"Apparel, Accessories & Luxury Goods","New York, New York",0000098246
TWX,Time Warner Inc.,Consumer Discretionary,Cable & Satellite,"New York, New York",0001105705
TJX,TJX Companies Inc.,Consumer Discretionary,Apparel Retail,"Framingham, Massachusetts",0000109198
TMK,Torchmark Corp.,Financials,Life & Health Insurance,"McKinney, Texas",0000320335
TSS,Total System Services,Information Technology,Internet Software & Services,"Columbus, Georgia",0000721683
TSCO,Tractor Supply Company,Consumer Discretionary,Specialty Stores,"Brentwood, Tennessee",0000916365
TDG,TransDigm Group,Industrials,Aerospace & Defense,"Cleveland, Ohio",0001260221
TRIP,TripAdvisor,Consumer Discretionary,Internet & Direct Marketing Retail,"Newton, Massachusetts",0001526520
FOXA,Twenty-First Century Fox Class A,Consumer Discretionary,Publishing,"New York, New York",0001308161
FOX,Twenty-First Century Fox Class B,Consumer Discretionary,Publishing,"New York, New York",0001308161
TSN,Tyson Foods,Consumer Staples,Packaged Foods & Meats,"Springdale, Arkansas",0000100493
USB,U.S. Bancorp,Financials,Diversified Banks,"Minneapolis, Minnesota",0000036104
UDR,UDR Inc,Real Estate,Residential REITs,"Highlands Ranch, Colorado",0000074208
ULTA,Ulta Salon Cosmetics & Fragrance Inc,Consumer Discretionary,Specialty Stores,"Bolingbrook, Illinois",0001403568
UAA,Under Armour,Consumer Discretionary,"Apparel, Accessories & Luxury Goods","Baltimore, Maryland",0001336917
UA,Under Armour,Consumer Discretionary,"Apparel, Accessories & Luxury Goods","Baltimore, Maryland",0001336917
UNP,Union Pacific,Industrials,Railroads,"Omaha, Nebraska",0000100885
UAL,United Continental Holdings,Industrials,Airlines,"Chicago, Illinois",0000100517
UNH,United Health Group Inc.,Health Care,Managed Health Care,"Minnetonka, Minnesota",0000731766
UPS,United Parcel Service,Industrials,Air Freight & Logistics,"Atlanta, Georgia",0001090727
URI,"United Rentals, Inc.",Industrials,Trading Companies & Distributors,"Stamford, Connecticut",0001067701
UTX,United Technologies,Industrials,Aerospace & Defense,"Hartford, Connecticut",0000101829
UHS,"Universal Health Services, Inc.",Health Care,Health Care Facilities,"King of Prussia, Pennsylvania",0000352915
UNM,Unum Group,Financials,Life & Health Insurance,"Chattanooga, Tennessee",0000005513
VFC,V.F. Corp.,Consumer Discretionary,"Apparel, Accessories & Luxury Goods","Greensboro, North Carolina",0000103379
VLO,Valero Energy,Energy,Oil & Gas Refining & Marketing,"San Antonio, Texas",0001035002
VAR,Varian Medical Systems,Health Care,Health Care Equipment,"Palo Alto, California",0000203527
VTR,Ventas Inc,Real Estate,Health Care REITs,"Chicago, Illinois",0000740260
VRSN,Verisign Inc.,Information Technology,Internet Software & Services,"Dulles, Virginia",0001014473
VRSK,Verisk Analytics,Industrials,Research & Consulting Services,"Jersey City, New Jersey",0001442145
VZ,Verizon Communications,Telecommunication Services,Integrated Telecommunication Services,"New York, New York",0000732712
VRTX,Vertex Pharmaceuticals Inc,Health Care,Biotechnology,"Cambridge, Massachusetts",0000875320
VIAB,Viacom Inc.,Consumer Discretionary,Cable & Satellite,"New York, New York",0001339947
V,Visa Inc.,Information Technology,Internet Software & Services,"San Francisco, California",0001403161
VNO,Vornado Realty Trust,Real Estate,Office REITs,"New York, New York",0000899689
VMC,Vulcan Materials,Materials,Construction Materials,"Birmingham, Alabama",0001396009
WMT,Wal-Mart Stores,Consumer Staples,Hypermarkets & Super Centers,"Bentonville, Arkansas",0000104169
WBA,Walgreens Boots Alliance,Consumer Staples,Drug Retail,"Deerfield, Illinois",0001618921
WM,Waste Management Inc.,Industrials,Environmental & Facilities Services,"Houston, Texas",0000823768
WAT,Waters Corporation,Health Care,Health Care Distributors,"Milford, Massachusetts",0001000697
WEC,Wec Energy Group Inc,Utilities,Electric Utilities,"Milwaukee, Wisconsin",0000783325
WFC,Wells Fargo,Financials,Diversified Banks,"San Francisco, California",0000072971
HCN,Welltower Inc.,Real Estate,Health Care REITs,"Toledo, Ohio",0000766704
WDC,Western Digital,Information Technology,"Technology Hardware, Storage & Peripherals","Irvine, California",0000106040
WU,Western Union Co,Information Technology,Internet Software & Services,"Englewood, Colorado",0001365135
WRK,WestRock Company,Materials,Paper Packaging,"Richmond, Virginia",0001636023
WY,Weyerhaeuser Corp.,Real Estate,Specialized REITs,"Federal Way, Washington",0000106535
WHR,Whirlpool Corp.,Consumer Discretionary,Household Appliances,"Benton Harbor, Michigan",0000106640
WMB,Williams Cos.,Energy,Oil & Gas Storage & Transportation,"Tulsa, Oklahoma",0000107263
WLTW,Willis Towers Watson,Financials,Insurance Brokers,"London, United Kingdom",0001140536
WYN,Wyndham Worldwide,Consumer Discretionary,"Hotels, Resorts & Cruise Lines","Parsippany, New Jersey",0001361658
WYNN,Wynn Resorts,Consumer Discretionary,Casinos & Gaming,"Paradise, Nevada",0001174922
XEL,Xcel Energy Inc,Utilities,Multi-Utilities,"Minneapolis, Minnesota",0000072903
XRX,Xerox Corp.,Information Technology,"Technology Hardware, Storage & Peripherals","Norwalk, Connecticut",0000108772
XLNX,Xilinx Inc,Information Technology,Semiconductors,"San Jose, California",0000743988
XL,XL Capital,Financials,Property & Casualty Insurance,"Hamilton, Bermuda",0000875159
XYL,Xylem Inc.,Industrials,Industrial Machinery,"White Plains, New York",0001524472
YUM,Yum! Brands Inc,Consumer Discretionary,Restaurants,"Louisville, Kentucky",0001041061
ZBH,Zimmer Biomet Holdings,Health Care,Health Care Equipment,"Warsaw, Indiana",0001136869
ZION,Zions Bancorp,Financials,Regional Banks,"Salt Lake City, Utah",0000109380
ZTS,Zoetis,Health Care,Pharmaceuticals,"Florham Park, New Jersey",0001555280
